mean_0,mean_1,mean_2,mean_3,mean_4,mean_5,mean_6,mean_7,mean_8,mean_9,mean_10,mean_11,std_0,std_1,std_2,std_3,std_4,std_5,std_6,std_7,std_8,std_9,std_10,std_11,var_0,var_1,var_2,var_3,var_4,var_5,var_6,var_7,var_8,var_9,var_10,var_11,min_0,min_1,min_2,min_3,min_4,min_5,min_6,min_7,min_8,min_9,min_10,min_11,max_0,max_1,max_2,max_3,max_4,max_5,max_6,max_7,max_8,max_9,max_10,max_11,words_number,SPACE_R,ADV_R,VERB_R,ADP_R,DET_R,NOUN_R,ADJ_R,PUNCT_R,INTJ_R,NUM_R,PRON_R,AUX_R,CCONJ_R,PART_R,PROPN_R,SCONJ_R,CONJ_R,Punctuation_R,hestitation_word_R,lemma_number_R,person_singular_verbs_R,misspell_R,time_spec_R,spec_R,neg_word_R,content_R
12.690778715247653,-10.37578817143129,8.314867089094175,-4.514662334117861,0.14680555424564523,-0.8913536077963383,-2.508186679007294,2.965280455368032,-2.613420515725031,1.1690010803560857,-0.8060511967520455,-1.6807658782026085,3.428779378238015,3.11679632212392,3.3311817604082843,2.083171809171401,2.1802786124086384,2.2775283641898354,1.3863986191534208,1.5488962879148223,1.392457580339572,1.3483447999968574,1.3499320068419345,1.4552181771134998,11.756528024630269,9.714419313605193,11.096771920876835,4.339604786526448,4.753614827726539,5.187135449689228,1.9221011311905116,2.399079710716316,1.9389381130451355,1.8180336996785653,1.822316423096293,2.1176599430015375,-9.63528281421146,-22.704215155059856,-3.465902342890528,-13.649243440952842,-8.166289370938351,-8.174242205240954,-7.330430837541009,-1.762778938350475,-7.7606394034033475,-4.919411763062309,-5.15710848228378,-7.307705161011492,23.577059628125337,0.0,19.22605102624618,3.375337049185845,6.412544519120675,6.318199665482865,2.16438189767495,8.516719071152355,2.658170733933764,6.580758133770001,3.9256272866934343,3.1844396166938203,104.0,0.0096153846153846,0.048076923076923,0.1153846153846153,0.1057692307692307,0.0865384615384615,0.1538461538461538,0.0288461538461538,0.125,0.0192307692307692,0.0,0.0865384615384615,0.0769230769230769,0.0384615384615384,0.0096153846153846,0.0769230769230769,0.0192307692307692,0.0,0.125,0.0192307692307692,0.6057692307692307,0.0192307692307692,0.0384615384615384,0.0096153846153846,0.0865384615384615,0.3461538461538461,0.4134615384615384
